{
  "hash": "a1201e28",
  "configHash": "52e20d9d",
  "lockfileHash": "e425547f",
  "browserHash": "e6647fc2",
  "optimized": {
    "@angular/common": {
      "src": "../../../../../node_modules/@angular/common/fesm2022/common.mjs",
      "file": "@angular_common.js",
      "fileHash": "3f133a5a",
      "needsInterop": false
    },
    "@angular/common/http": {
      "src": "../../../../../node_modules/@angular/common/fesm2022/http.mjs",
      "file": "@angular_common_http.js",
      "fileHash": "90bdafc6",
      "needsInterop": false
    },
    "@angular/core": {
      "src": "../../../../../node_modules/@angular/core/fesm2022/core.mjs",
      "file": "@angular_core.js",
      "fileHash": "a23855bc",
      "needsInterop": false
    },
    "@angular/forms": {
      "src": "../../../../../node_modules/@angular/forms/fesm2022/forms.mjs",
      "file": "@angular_forms.js",
      "fileHash": "59b50126",
      "needsInterop": false
    },
    "@angular/material/badge": {
      "src": "../../../../../node_modules/@angular/material/fesm2022/badge.mjs",
      "file": "@angular_material_badge.js",
      "fileHash": "d0208f8e",
      "needsInterop": false
    },
    "@angular/material/button": {
      "src": "../../../../../node_modules/@angular/material/fesm2022/button.mjs",
      "file": "@angular_material_button.js",
      "fileHash": "42db6bbb",
      "needsInterop": false
    },
    "@angular/material/core": {
      "src": "../../../../../node_modules/@angular/material/fesm2022/core.mjs",
      "file": "@angular_material_core.js",
      "fileHash": "da4ec19e",
      "needsInterop": false
    },
    "@angular/material/expansion": {
      "src": "../../../../../node_modules/@angular/material/fesm2022/expansion.mjs",
      "file": "@angular_material_expansion.js",
      "fileHash": "bb67b357",
      "needsInterop": false
    },
    "@angular/material/form-field": {
      "src": "../../../../../node_modules/@angular/material/fesm2022/form-field.mjs",
      "file": "@angular_material_form-field.js",
      "fileHash": "b2b30b7b",
      "needsInterop": false
    },
    "@angular/material/icon": {
      "src": "../../../../../node_modules/@angular/material/fesm2022/icon.mjs",
      "file": "@angular_material_icon.js",
      "fileHash": "a79bf90c",
      "needsInterop": false
    },
    "@angular/material/input": {
      "src": "../../../../../node_modules/@angular/material/fesm2022/input.mjs",
      "file": "@angular_material_input.js",
      "fileHash": "b6490c4e",
      "needsInterop": false
    },
    "@angular/material/radio": {
      "src": "../../../../../node_modules/@angular/material/fesm2022/radio.mjs",
      "file": "@angular_material_radio.js",
      "fileHash": "b4462f45",
      "needsInterop": false
    },
    "@angular/material/select": {
      "src": "../../../../../node_modules/@angular/material/fesm2022/select.mjs",
      "file": "@angular_material_select.js",
      "fileHash": "c1b9d244",
      "needsInterop": false
    },
    "@angular/material/stepper": {
      "src": "../../../../../node_modules/@angular/material/fesm2022/stepper.mjs",
      "file": "@angular_material_stepper.js",
      "fileHash": "c5e230a7",
      "needsInterop": false
    },
    "@angular/material/toolbar": {
      "src": "../../../../../node_modules/@angular/material/fesm2022/toolbar.mjs",
      "file": "@angular_material_toolbar.js",
      "fileHash": "b45e8fce",
      "needsInterop": false
    },
    "@angular/platform-browser": {
      "src": "../../../../../node_modules/@angular/platform-browser/fesm2022/platform-browser.mjs",
      "file": "@angular_platform-browser.js",
      "fileHash": "711d5cd7",
      "needsInterop": false
    },
    "@angular/platform-browser/animations/async": {
      "src": "../../../../../node_modules/@angular/platform-browser/fesm2022/animations/async.mjs",
      "file": "@angular_platform-browser_animations_async.js",
      "fileHash": "d86fee29",
      "needsInterop": false
    },
    "@angular/router": {
      "src": "../../../../../node_modules/@angular/router/fesm2022/router.mjs",
      "file": "@angular_router.js",
      "fileHash": "eb9bcd18",
      "needsInterop": false
    },
    "@canvasjs/angular-charts": {
      "src": "../../../../../node_modules/@canvasjs/angular-charts/fesm2015/canvasjs-angular-charts.js",
      "file": "@canvasjs_angular-charts.js",
      "fileHash": "2b153e3f",
      "needsInterop": false
    },
    "html2canvas": {
      "src": "../../../../../node_modules/html2canvas/dist/html2canvas.esm.js",
      "file": "html2canvas.js",
      "fileHash": "378100b6",
      "needsInterop": false
    },
    "jspdf": {
      "src": "../../../../../node_modules/jspdf/dist/jspdf.es.min.js",
      "file": "jspdf.js",
      "fileHash": "a0dce492",
      "needsInterop": false
    },
    "rxjs": {
      "src": "../../../../../node_modules/rxjs/dist/esm5/index.js",
      "file": "rxjs.js",
      "fileHash": "abc8dd50",
      "needsInterop": false
    }
  },
  "chunks": {
    "index.es-5FPXBD56": {
      "file": "index__es-5FPXBD56.js"
    },
    "chunk-UMXKHIZH": {
      "file": "chunk-UMXKHIZH.js"
    },
    "browser-GHAMZGRU": {
      "file": "browser-GHAMZGRU.js"
    },
    "purify.es-YAXFVWPX": {
      "file": "purify__es-YAXFVWPX.js"
    },
    "chunk-NIWUIHYD": {
      "file": "chunk-NIWUIHYD.js"
    },
    "chunk-E7REK372": {
      "file": "chunk-E7REK372.js"
    },
    "chunk-D5A6PQSF": {
      "file": "chunk-D5A6PQSF.js"
    },
    "chunk-UPHMW2GV": {
      "file": "chunk-UPHMW2GV.js"
    },
    "chunk-Z2342QND": {
      "file": "chunk-Z2342QND.js"
    },
    "chunk-XLLZC5D4": {
      "file": "chunk-XLLZC5D4.js"
    },
    "chunk-OJEEMNCC": {
      "file": "chunk-OJEEMNCC.js"
    },
    "chunk-IIKGYSFG": {
      "file": "chunk-IIKGYSFG.js"
    },
    "chunk-PJVGSYTZ": {
      "file": "chunk-PJVGSYTZ.js"
    },
    "chunk-65XPYRFA": {
      "file": "chunk-65XPYRFA.js"
    },
    "chunk-KRIWVX2L": {
      "file": "chunk-KRIWVX2L.js"
    },
    "chunk-4J25ECOH": {
      "file": "chunk-4J25ECOH.js"
    },
    "chunk-ASLTLD6L": {
      "file": "chunk-ASLTLD6L.js"
    }
  }
}